f1ch1,f1ch2,f2ch1,f2ch2,f3ch1,f3ch2,f4ch1,f4ch2,Category
0.0008742973884232124,0.0010697830220492651,0.08393078870313696,0.11630411093743423,24,22,52,61,0
0.0011313568297502698,0.002080276319684344,0.11711566298319796,0.20222701726032302,30,14,61,55,0
0.0015862109665234902,0.0027017307474458026,0.15270623096471453,0.23839172324083632,22,14,69,53,0
0.001782543619054035,0.0030622332169505523,0.1760453594531838,0.2794920042140713,22,20,68,59,0
0.002064400477573033,0.003537278979435087,0.21384044937907165,0.3008186713261569,30,20,70,52,0
0.0022945629974317565,0.0033195500007265877,0.23532366061237056,0.29877749921220165,30,22,62,58,0
0.002006885707691289,0.004150694811879117,0.22308569636322906,0.35313897586988285,22,20,64,52,0
0.002146917138670547,0.0049441478313229405,0.2539232707792499,0.39298514843771176,26,20,63,49,0
0.0019653683196672817,0.0050184165750290465,0.23508479267491247,0.38896264326639074,26,18,56,54,0
0.0017174856889953425,0.004465659932466037,0.21384939832097527,0.3412171341277681,32,16,66,61,0
0.0018067735393117012,0.0040421682823761265,0.22794826107996546,0.2890466904416658,28,14,67,56,0
0.0017382699784712408,0.00329251647929953,0.20325762400790098,0.25528556418571896,32,22,71,58,0
0.0016327719103047908,0.0034882445353715654,0.1852278473958088,0.2574007912301743,28,18,71,50,0
0.0017153027018637444,0.003992315144920103,0.18878488273599336,0.2961964148223855,18,16,58,47,0
0.0017821269077523587,0.003879181895086544,0.19808145860478368,0.3328742733402115,22,18,60,44,0
0.001492250717060485,0.0037949723917745743,0.18154469689071687,0.3197640136168682,28,14,62,45,0
0.0014193693800191437,0.003621683535021592,0.1773015061316018,0.2933528962049456,22,16,65,50,0
0.001642124286779825,0.0028731988533171686,0.18988237664563426,0.27348048221205357,24,20,63,58,0
0.0015513249518909298,0.0031031997707564748,0.18480834545607358,0.2759635590122769,26,20,62,59,0
0.0016260761353046357,0.003086719204626327,0.19331840102417422,0.29511390460509257,24,24,57,50,0
0.0019651798416899166,0.003586518183792718,0.21160566030072794,0.32690636564051195,26,26,54,51,0
0.0016568904258455848,0.004004096028109423,0.18683046131584558,0.34911341437227406,22,20,64,41,0
0.0017195882011011847,0.003373233790520944,0.19692586884990168,0.31126968442182257,24,16,61,48,0
0.001688564483188807,0.002891358338945919,0.18179322970595435,0.2653444150919281,24,12,60,48,0
0.0014559059013699545,0.0025267784251003338,0.1715434543491675,0.254953933196613,24,20,58,49,0
0.001540825063818571,0.0022393314355618125,0.17840194600857076,0.22973014137310385,26,28,56,55,0
0.0013230766965128034,0.002800015560088701,0.15433423551125242,0.25084602645124154,28,22,61,53,0
0.00144456398053595,0.0034592757553030405,0.1637125729609332,0.2684046493406544,26,20,59,47,0
0.0013433191381313058,0.003156249163647942,0.16981199530729835,0.23261427543828953,28,14,61,51,0
0.0015001653182179098,0.002668809137437495,0.18429448974611096,0.2177737049554353,30,20,62,50,0
0.0015890336178877055,0.002734515845210803,0.19920801018665243,0.21740849430915132,24,18,62,51,0
0.001598749646804314,0.0021369390967262577,0.1885427984687089,0.20872856986131366,24,26,55,53,0
0.0015540611272957627,0.0025987126219524865,0.17441956357163138,0.2280883487864518,28,18,59,59,0
0.001504627842206144,0.0028018686865575963,0.1764748679494549,0.2431930740478347,28,18,57,56,0
0.0014293213642800368,0.002293813065512361,0.15778914746426315,0.21406784771466064,28,18,62,55,0
0.0013090948274129346,0.0024849611608503165,0.15940273328711468,0.21560310164475133,26,20,66,51,0
0.0013838518546445216,0.0024777491840626874,0.17034004513315384,0.2085938050800254,28,18,69,51,0
0.0012692907968929754,0.002214125572129066,0.1667480155203074,0.18952880564343136,34,16,70,56,0
0.001408897321701363,0.0022486452276643666,0.1727134632265033,0.20578676545460048,28,20,64,53,0
0.0015644608111192628,0.003217190493218066,0.19222272357037792,0.2716410796058497,32,16,61,51,0
0.001574715242951371,0.003431376139919917,0.19419867444040734,0.3032264678611706,38,18,60,50,0
0.0017482338492297933,0.003852292065807488,0.2017409383819588,0.32336331153132974,34,16,67,46,0
0.0016831158433603664,0.004412320818106207,0.1874734129340665,0.3556441327857766,28,14,71,42,0
0.0015878867730982585,0.0035243574807302595,0.18257099675208047,0.31500984115007835,22,16,73,57,0
0.0016437855323367273,0.00377601640507923,0.18860861675199087,0.31612533580119845,30,18,70,49,0
0.0014304050517544133,0.004131845723613456,0.17552491159930103,0.33365018109969813,34,16,65,47,0
0.0015012436352476622,0.004105284166258349,0.1861098243879535,0.3379468327870492,36,18,62,45,0
0.0014120327254240278,0.004117196026100995,0.18712584541389965,0.31698932010522535,36,16,53,45,0
0.0018006566772437373,0.0026113769138732482,0.16421971334638483,0.29801072259433015,12,14,47,59,1
0.00349761803257734,0.0043906606371043825,0.3407703645891578,0.4729900910048175,14,22,44,62,1
0.004440100092732526,0.0049991294693249935,0.4633200494203437,0.5922616133307981,18,28,52,70,1
0.005698330226421724,0.00519052231165378,0.5712864272001095,0.6351586760361723,22,22,52,70,1
0.006168266571276916,0.005760647769948617,0.6177395724249222,0.6290084361753309,26,20,47,73,1
0.007363901160310904,0.00560842384119963,0.6775427007252222,0.6087961474578136,20,24,45,67,1
0.00929905769955222,0.006040941690690393,0.8131773653225232,0.6184217222125545,22,26,36,60,1
0.008590960587124243,0.006546899442121557,0.7626673209906216,0.6133753126465337,22,24,40,55,1
0.008567177619056896,0.006852965874005374,0.7383601566825069,0.6042834507471743,16,24,43,48,1
0.008271780390352708,0.006569263157010614,0.6896145395348094,0.5622357120573852,18,18,43,46,1
0.006514442479170667,0.00581317278702438,0.5459818835115985,0.5304692712520541,20,20,49,50,1
0.007020914446717172,0.005702095106585744,0.5937559117104543,0.5513684931755599,22,25,49,55,1
0.006853430985148303,0.005907451957328176,0.5799231460386421,0.5487855466579791,20,20,50,58,1
0.005692935216126394,0.006416238633046445,0.5295597838481118,0.5958769990281598,24,24,49,51,1
0.0066523543961453015,0.006684464868298278,0.5565290363298211,0.6227744554045166,18,24,51,53,1
0.005903439603605132,0.005933099785122136,0.49880349169071636,0.5824210769132249,18,18,49,56,1
0.006444831878115554,0.005814711327611574,0.45226070545901187,0.6298522403260504,18,24,51,54,1
0.00601396221151477,0.004962247115718402,0.44917306366894516,0.5563842509140339,14,26,52,67,1
0.006147537130921047,0.004638907513274497,0.41610788172829527,0.47720242235427085,12,22,50,66,1
0.006520597510045647,0.005036044062572644,0.44220689654913664,0.4971690819544717,12,24,49,57,1
0.006238900703996021,0.0045904240843691975,0.4734590208013297,0.4395940543666635,14,16,36,64,1
0.007086095369077711,0.005015296502868974,0.5033400956484688,0.48198766173409796,12,22,42,58,1
0.006209043070340259,0.004640812329477762,0.4859177588680354,0.4600222023898415,12,22,43,56,1
0.006896339279377773,0.0037028338277074525,0.5007893603554231,0.43619891202357125,14,24,38,67,1
0.006274151949005486,0.003089514110322251,0.47242014919201314,0.4045421773088504,16,26,35,68,1
0.005616371790355242,0.00307916434002877,0.4082654443561861,0.37789117429724545,18,24,43,66,1
0.005553281260589242,0.003483906481088184,0.4242396859055353,0.37432028178513155,14,26,50,63,1
0.004637166611360786,0.0033291857327312625,0.39708104973921016,0.3348598563195391,16,22,49,68,1
0.0045517183054944,0.0032412871868819637,0.36828385655448925,0.3559124770562425,16,22,53,69,1
0.0045483053960874925,0.0027556391919504293,0.3725578873732405,0.3403599249071205,16,30,42,68,1
0.004416693928465004,0.0035643665943433374,0.3380823382014981,0.3681910423828574,18,18,46,67,1
0.0044803329284639525,0.0038945475862440988,0.34293208711610895,0.38178133098370914,18,14,39,63,1
0.004719681267801735,0.004208308051425881,0.3532292122307788,0.389615996722904,16,18,41,55,1
0.004911229625413434,0.004221430900240231,0.35041026907989065,0.41155374196873057,16,16,41,56,1
0.00439567004213594,0.003729162734515955,0.32144894867314006,0.39244133486541566,18,20,46,54,1
0.00405168271622839,0.003954616453972656,0.30752334023636846,0.4060687882369254,18,22,52,63,1
0.0037210437082636732,0.003774242387235356,0.30340934110452805,0.38595384732475146,16,26,54,61,1
0.003943856719402924,0.004000244968471142,0.3106604117262576,0.3862544761519643,18,20,57,61,1
0.003909280789293999,0.004022601646122856,0.3035476747427465,0.39577302613662624,18,26,53,63,1
0.003826234615880469,0.005084796478928673,0.3398924591859691,0.4354511334353125,22,24,52,62,1
0.003925584306030223,0.005721296527345738,0.35828574995428286,0.4553264862914264,22,22,57,60,1
0.0038725782757662447,0.005859939040634719,0.38870743321918405,0.4611721380393699,28,18,54,59,1
0.0038328657607348527,0.0057486247491067045,0.4080183356998963,0.45348599971294473,28,16,51,50,1
0.0035946560326372643,0.004120025730551818,0.39461870250973036,0.4043489722651065,26,20,49,55,1
0.003646660814506042,0.004183031020798432,0.40256055812351477,0.44190503047746404,26,16,56,51,1
0.003490315826800919,0.004374620491426252,0.4101155931850175,0.43001827150400485,22,22,53,51,1
0.0039285654219558255,0.0048143124404696,0.444112083879698,0.4605303402665863,22,22,51,48,1
0.003705365760056472,0.0053591240065751335,0.4242455436386393,0.49060719337300884,24,20,56,48,1
0.0002973672379485321,0.0003590881200681624,0.021486885987055473,0.045315135315160515,22,28,49,76,2
0.0007005843554711448,0.0003777456128358949,0.06238243854114547,0.045942521466236494,13,29,52,83,2
0.0010625378305588922,0.000400328906947235,0.10904600068247944,0.0579337434901296,16,26,58,78,2
0.0017263753750525565,0.0005583370027599932,0.18709584349516253,0.08955576273216978,20,36,48,82,2
0.0024969671732181483,0.000874594540413442,0.2744768918730329,0.1342937355609055,24,18,49,80,2
0.0026223114140492415,0.0012370501631025022,0.30201648306389417,0.1761000296652413,20,26,59,81,2
0.003316961014212455,0.0013995001862312146,0.3390855716284469,0.2008975006950682,26,26,55,83,2
0.0036723371518771458,0.0017036908020118965,0.362729675857734,0.21258527286180187,18,28,64,80,2
0.0035600133497680248,0.0017307891817148469,0.34962660917675803,0.22631043561424832,18,26,68,86,2
0.0038416049627539085,0.0016702934702099803,0.35834155234295256,0.22825950758475066,20,22,57,83,2
0.0033176264737101347,0.0018827552149188768,0.3279508938772667,0.23383019220578286,18,34,60,78,2
0.0025282999906510503,0.0018666877166124535,0.30511570876957583,0.23125096350409052,24,30,60,82,2
0.0024980077426251966,0.0015565241880363375,0.3020718406809349,0.2004385367082334,26,34,67,79,2
0.002458881212865581,0.0014522019816597636,0.30362492733696056,0.1867521721446397,24,36,70,83,2
0.0026210848263814655,0.0015349333527816145,0.32221083943966494,0.18964414252011114,34,30,70,83,2
0.0027993127583076523,0.0016529599319649957,0.32704391566948904,0.1999912450950956,32,34,67,81,2
0.0027032621791769386,0.0017598437744409232,0.33061698362127934,0.2056004535089723,32,30,71,68,2
0.0024215573118528456,0.0016874603816548729,0.31734472105279643,0.2078190228649333,28,24,64,69,2
0.002251985902493526,0.0015758556091448773,0.30593718596185066,0.1956127951182341,28,26,73,60,2
0.0024775681873856303,0.0015541393386055292,0.2950401111470303,0.1842233735513129,28,28,67,61,2
0.0025412440568435414,0.0018171539559853768,0.27899661039275675,0.18909060486750393,26,26,70,64,2
0.002513682555838333,0.0018013278413317358,0.2842739255265213,0.1911217168632976,28,26,68,60,2
0.0023420774785583827,0.001811352133194969,0.2649210263048468,0.1902136332572066,24,28,67,65,2
0.002502366837056594,0.0015480429779067876,0.2656542304567344,0.1858535168889051,22,26,68,73,2
0.0023466940822150072,0.0014718378567415086,0.2487716792710608,0.1768083810610702,24,30,66,74,2
0.002112436371773214,0.0013853150932554472,0.23456182387291308,0.1611228397779113,22,28,69,78,2
0.0025137644274783122,0.0014281271812208612,0.23728847732214992,0.15874347925645596,26,28,70,74,2
0.002451501762739547,0.001262873628260375,0.23477718177092746,0.14902621923757142,24,32,70,70,2
0.0022095486755134386,0.0011636197046579256,0.22627178919568283,0.14850789057158567,22,34,79,67,2
0.0023732447344344963,0.0013100982836836044,0.22108646377728983,0.16113335459991654,16,30,70,64,2
0.0017487014862340967,0.0013256532561586093,0.19399752481866805,0.16013888744058527,28,24,70,70,2
0.0016603573508108497,0.0014547567336039482,0.1864207866162212,0.16599315245512627,26,26,72,68,2
0.0016505740959937508,0.0014999652764559604,0.1858774518016663,0.16137741517716994,30,26,69,68,2
0.0014916176712368079,0.0014830831785515905,0.17706404497860387,0.15767271720046777,28,26,68,65,2
0.0015612783959172063,0.0014466073472972612,0.19453051958654427,0.16052281508690988,30,24,64,60,2
0.0015118699125346907,0.0013557226631002457,0.18625730645458594,0.14640681939037928,30,24,60,61,2
0.0017371563585606854,0.0012627715126619337,0.20124570338340525,0.13763792818309836,28,20,60,64,2
0.0017855263022871653,0.0011317985122331865,0.1962914226792813,0.12442801586838458,30,22,69,70,2
0.0017695091526099473,0.0010162983644855185,0.19774861556912893,0.12263666312118823,26,24,71,72,2
0.002142742538101262,0.001400536820878579,0.24137336627011727,0.14560488687563117,22,26,66,78,2
0.0024093905355755374,0.0014775743210158183,0.2909281677004309,0.16659342179242304,30,22,65,69,2
0.002346531510564776,0.0015343892854028604,0.30867364081342313,0.1800004728822702,30,20,64,71,2
0.002409475940349887,0.0012736931369633749,0.32136794934398466,0.18406866746749653,30,28,67,67,2
0.0020925700294244245,0.0013366706466269905,0.30555669196571933,0.17645076927415265,36,24,70,59,2
0.0020415280443763896,0.0013153430285857228,0.2781667372992925,0.17052443163837824,36,24,69,64,2
0.002138245669975464,0.0013976767228476262,0.2674042749842575,0.17047904752561205,34,26,63,59,2
0.0019964469812755637,0.0012930819491799445,0.24354947799732105,0.15963782844287144,34,24,69,63,2
0.001784167157447482,0.001224744655963092,0.22540049264491688,0.1548704279535528,34,24,68,76,2
0.0007208911763990667,0.006060384965899468,0.07487195248234137,0.6729125468602869,22,32,72,66,3
0.0008340861035780219,0.0063975627992152164,0.09397877254780491,0.7744305811828,26,30,65,67,3
0.0008716037268114285,0.006978009889827474,0.10024295927772964,0.7998465876285065,26,26,61,64,3
0.0008239906224123773,0.006511675492228622,0.10284777302290926,0.735627927339159,30,32,62,66,3
0.0007666608394200695,0.006358965042096201,0.0984206547158888,0.727622841668968,34,28,67,55,3
0.0007106822531500033,0.005801486384966362,0.09233217353856234,0.6472589226032635,28,30,75,58,3
0.0006767954646625193,0.005830073329949709,0.09393901361428635,0.6482669450750731,34,26,70,59,3
0.0006765467132158177,0.005418361069210641,0.0944396225053465,0.6573002989660207,30,28,71,61,3
0.0006759062312461159,0.005252253609848098,0.0929048232748264,0.6344652923257127,32,24,67,60,3
0.0008472973526487329,0.005734093608776446,0.09685339168661077,0.655162399087739,24,20,68,57,3
0.0008627589236383708,0.005428127009415478,0.10116964507975126,0.6439570389767963,24,26,62,61,3
0.0008473635937530109,0.00564841605078943,0.09769907601266992,0.6134727718095009,30,28,62,64,3
0.0008651803670354838,0.005770231487442104,0.09419970506257065,0.5746457000350719,28,26,73,66,3
0.0006790753778246999,0.00493580253566748,0.08389550276608984,0.5258704220278693,30,28,75,65,3
0.0005889076225073993,0.004239287801211175,0.07154828686680309,0.48718601097878,26,30,82,58,3
0.0006542717143660266,0.005746930758076109,0.07297144203945363,0.5366880450860548,28,22,77,60,3
0.0006751904409097119,0.006409617969671372,0.07224905739492894,0.5471675538519588,18,18,71,60,3
0.0007114725930915375,0.006327306644260174,0.07466053856954008,0.5530860136997704,24,18,68,59,3
0.0006636422259173057,0.006833714727001937,0.0773564122391073,0.5249607920563759,28,18,68,64,3
0.0006218589203991302,0.004872642371085665,0.08069576999441913,0.4762385951472588,28,24,74,62,3
0.0005735226851642693,0.004560158470370028,0.07925108551912771,0.46299448715519387,34,28,73,62,3
0.0005508101397452254,0.004335456001566135,0.07625850778109505,0.4636397330850381,34,22,70,63,3
0.0005488106931163496,0.004177881039723132,0.07027331843529878,0.49750772488899586,32,26,72,65,3
0.0005323513121262457,0.004275630227280171,0.0692291457559041,0.47881279571098423,36,22,72,67,3
0.0005315162888218599,0.004198146603290628,0.0724089763999638,0.4800050336165583,30,22,76,63,3
0.000519092348019606,0.004077027207924355,0.06674166783454809,0.45768042563869277,32,24,75,67,3
0.0005163206667194528,0.004328220219402142,0.06634757108761524,0.4681177648380799,34,30,77,64,3
0.00047874156308435017,0.004632204355090587,0.06267414756338699,0.49130135307628436,28,28,76,60,3
0.0005514370146712874,0.005767663886972667,0.05979207909438975,0.5177738569187706,24,20,78,56,3
0.0005667131050476163,0.005818976748825518,0.06752404265826246,0.5537762957359657,28,22,77,54,3
0.0005928948469497353,0.005575199577026165,0.0695132738734378,0.5395654542793761,28,18,74,53,3
0.0005910825909466184,0.00540713522079998,0.07125543189954008,0.5179532271263548,28,22,67,55,3
0.0005239082868389186,0.004414065156485128,0.06735259767680785,0.49289461967658793,30,26,66,63,3
0.0005041220122639222,0.0037926265661157037,0.06598096048644798,0.4591574105769767,32,26,71,61,3
0.000511377907388537,0.004698735365803445,0.06310193613740733,0.4687522918921855,22,20,75,62,3
0.0005045203850895844,0.004426828657770953,0.06567295977395429,0.5322648883197506,24,20,76,61,3
0.0005462573354460937,0.004833974208050498,0.07094696975576316,0.5633069907107465,28,24,69,61,3
0.0005841228023295363,0.005004486956621031,0.07367899234054022,0.5788509135763427,26,30,70,63,3
0.0005885532605456221,0.005191320323410214,0.07682210077083935,0.5663894843760207,28,26,70,67,3
0.0009984942592797807,0.00452162932331346,0.0929880691037857,0.5356688552459317,20,32,65,66,3
0.0009750272515249501,0.004530797073752382,0.09192077229090864,0.5177291572155227,20,30,65,70,3
0.0009000302769429098,0.004757797770282481,0.08598575646374819,0.5066402220160119,20,28,67,64,3
0.0005176295021906669,0.004400885075147037,0.06981314598804962,0.47202250751704256,30,28,80,64,3
0.00047066968700056657,0.005120761769124277,0.06664860748694172,0.4955272288636167,36,22,77,57,3
0.00044745582320190555,0.004470479390872495,0.06914090799611336,0.47998449750632177,36,24,76,56,3
0.0004969869964529497,0.0056402812582260035,0.07099380798082834,0.5370184941704321,36,20,65,56,3
0.0004993142557011407,0.005613415111350901,0.0731942777311294,0.5061117319171787,36,14,65,65,3
0.0004722428193008607,0.005509824634013918,0.07186231720956897,0.4941508273588258,34,16,75,67,3
0.00017645127764175607,0.0003261940197479283,0.011402925556768011,0.03054116335677772,20,24,50,61,4
0.00016610822362701474,0.0002548763252191933,0.011140561899842806,0.02558784380689852,18,30,44,70,4
0.00016523831920570243,0.0002720849063581283,0.010801221441018652,0.030007050053099785,20,29,50,75,4
0.00015510959865216802,0.0003122328074857963,0.010815249888842762,0.03181245290474551,20,26,54,70,4
0.00016061106460821942,0.0003329004621524029,0.010802180311590281,0.03395175809172441,20,25,56,63,4
0.00015502220794204674,0.0003184615924269616,0.010470730215367671,0.03327817048169978,18,18,66,59,4
0.00015594380590900158,0.0003192560021354299,0.011265684133917556,0.030120642679800646,22,17,70,59,4
0.00016349368790743383,0.0002665526576885484,0.011554720761645,0.027271000891752314,18,22,68,67,4
0.0001609123367269624,0.00023757168353265908,0.011394696864935619,0.023266652949550284,21,24,64,72,4
0.00016590312455916608,0.0002210118535969784,0.01193357768527413,0.022830815209168555,20,28,58,72,4
0.00015961424686779436,0.00024056541718482825,0.011316781093939375,0.021588367019883883,29,30,58,70,4
0.00015432681014242847,0.0002225100120818369,0.011278196037306691,0.022272652093293384,22,24,66,76,4
0.00014725634774423783,0.00021807166088973838,0.01156241624485278,0.02133547714665038,25,22,58,81,4
0.00013947059607779576,0.00022289434550534323,0.011081320365046046,0.021737017979027787,26,24,66,80,4
0.00013674003186387896,0.000202081329539948,0.01139429368313842,0.02158709348105017,23,28,54,82,4
0.00013462340067066012,0.00020527939749443423,0.011126353321347027,0.02021057650047294,20,30,54,79,4
0.00013313204928102736,0.00019045788491830755,0.010906543901620314,0.020587097569115986,24,34,54,84,4
0.00013367101713146774,0.00020757591899589408,0.010954683924976963,0.019098650927217603,24,28,54,85,4
0.00013495901901250515,0.00019157628648283363,0.010178263928268826,0.017857205067464358,22,26,48,82,4
0.00013338981810806353,0.00019462831278689967,0.009927149396010939,0.01832586295315886,16,26,50,76,4
0.00013435323789561969,0.00019620020604205427,0.009973740533971756,0.018776805847842182,20,30,52,79,4
0.00013538363484427815,0.00019669723259621436,0.010016909127455507,0.021017525514251987,22,30,46,77,4
0.0001324896498629031,0.00019242712640283227,0.010302769174784667,0.022160761436043612,24,29,48,76,4
0.00013429403739795135,0.0001934445782261013,0.01066898475617057,0.02236819417967527,20,22,50,78,4
0.00012989801177039703,0.0001843470865874355,0.0103163813390405,0.021768245477255244,20,30,52,76,4
0.00013278195315056184,0.00019972858093285684,0.010528163979245289,0.021356059456648115,20,24,56,77,4
0.00013746713676141022,0.00017956087103552075,0.010326057900701222,0.019773181938846158,22,30,56,72,4
0.0010283982309292475,0.0006270852791461005,0.057590535679643576,0.044732027567239936,4,10,56,63,4
0.001835637710008662,0.001520888298672442,0.1011666068910404,0.09744295306591037,8,8,26,48,4
0.001812577303594337,0.0015613201158192094,0.0979070485240402,0.09932907645110817,8,8,32,51,4
0.0011005542116373371,0.0012885388466892138,0.06264618272558724,0.08943735703605342,4,8,71,67,4
0.0009558170567604923,0.0011438176762518994,0.05546501307099825,0.08172638930602205,3,5,81,65,4
0.00018260076877802344,0.00039573795674589877,0.011629218025326713,0.048402893608492294,18,18,61,61,4
0.00018616383088299732,0.000442483817683647,0.012356956121346314,0.05221084672875104,17,21,44,64,4
0.00018176174147193128,0.0005067560674515263,0.012433159125973686,0.06041034870631299,20,28,40,67,4
0.00017585049091136401,0.0005021854944474005,0.012618043057845616,0.05948867666627763,22,26,40,72,4
0.00017495198567010956,0.0004477682798017635,0.012129948903867075,0.050914768679618486,20,30,49,74,4
0.00018137224031234214,0.00042939625752581834,0.011269571838205029,0.05186719789796497,21,25,53,74,4
0.00017662266738816142,0.0004248009064280358,0.012228443126074273,0.050799442304492265,24,26,52,73,4
0.00018752408108404055,0.00046358525506452053,0.012459700619701052,0.049818823781130325,18,18,48,73,4
0.00018833510540652013,0.00048211538767356147,0.012707299401448305,0.05528555421964736,18,20,49,68,4
0.00019748819369609937,0.00041550764943740925,0.012677770636675124,0.05039283972433938,14,22,47,70,4
0.00017306410851670662,0.00042607597194636567,0.012017582547312252,0.044972992359888234,20,16,51,71,4
0.00018119338743818734,0.00043688487163360737,0.01214570869605,0.044839233513601355,16,23,55,70,4
0.00018800508060494688,0.0003730264922464427,0.012698258637597186,0.040495948557109564,18,18,45,73,4
0.0001991964957765139,0.0003935357297992006,0.012418528291598537,0.03944686063378218,18,23,47,60,4
0.00019721211471858554,0.00035472350685987556,0.01289773357081799,0.0397051744252721,22,24,48,69,4
0.0001988989983803871,0.0003796352893714565,0.012651954028972519,0.04010038214245567,20,24,54,75,4
0.0012722702457370336,0.0023567016417421188,0.1652398764671759,0.21815384037170624,30,24,59,54,0
0.0011683512778953946,0.0025361230808605595,0.14306236035490474,0.2183928572417614,28,24,67,46,0
0.0009792386574209338,0.002936237695202694,0.12465233769427521,0.25635306971217436,26,22,61,41,0
0.0009378812045023312,0.0029466712560695506,0.10848952552373231,0.2573258668959483,28,24,60,41,0
0.0009411489726396156,0.002801227584992948,0.10711628098693601,0.24516917523276752,24,18,56,43,0
0.0009698512490426868,0.003074110219402576,0.11880689607029521,0.2397218304602094,30,18,61,45,0
0.001055621035022084,0.0030859270052636368,0.12511448200106712,0.22137130050445827,30,20,63,46,0
0.0010728884350493782,0.0036735201707385323,0.1186383615803886,0.2518944687006778,36,18,71,49,0
0.0008889168089098085,0.0036511241702737824,0.11417920286321447,0.24627946611803883,38,14,79,47,0
0.00112212565105737,0.003909626779377028,0.13010201140791802,0.27225546107715254,28,18,70,48,0
0.0013330857435012277,0.0045877403400859905,0.1544279266273658,0.30011073813073524,24,16,68,51,0
0.001425027253543136,0.0037368243528708893,0.16293566401744553,0.2651565146039223,22,16,67,56,0
0.0014554137843123948,0.003698174433328514,0.18031590753069549,0.2674977417926237,22,22,62,54,0
0.0014071299546563787,0.003331504129745193,0.1638561057050574,0.2657534822560939,22,18,63,51,0
0.0012115031548736554,0.003012958363378183,0.14341159881045668,0.256594313231908,26,20,66,55,0
0.0013665979732010744,0.003572830697442859,0.1587973226682523,0.26176349143915195,24,16,63,59,0
0.001273566098433612,0.003898830838178358,0.14942409385945657,0.29055327115610796,28,18,74,50,0
0.001119056718344101,0.003923837971898129,0.14723665762730906,0.29359926847893003,26,18,72,53,0
0.0010867384873386688,0.0038648368294083805,0.15175794918699248,0.3159897925892877,30,22,77,54,0
0.0010106813606881322,0.003675994099844624,0.13998546765647493,0.32125918600288045,32,20,73,50,0
0.0013276266389211195,0.004484692031513627,0.1564621031201969,0.3633636753694017,30,20,65,55,0
0.001347805674772006,0.004098114602202285,0.17535300810383894,0.347722013906806,28,16,69,53,0
0.0014638517609208235,0.0038607208629207385,0.1852296485846524,0.32411112957851546,28,18,61,48,0
0.001529638200909395,0.004117417931213747,0.19160714558273823,0.3836018391506488,30,18,62,59,0
0.0013812152321777268,0.0031488953671899456,0.1815323022587629,0.3544886135476048,34,24,65,58,0
0.0014640019735191183,0.0037436378582700377,0.17616918830969536,0.4027699193916473,28,24,66,54,0
0.0014659730522015896,0.00477917271527263,0.17310690963356984,0.50428798547944,30,24,64,49,0
0.0017089777166580864,0.0042577982535843715,0.19849654631486474,0.4464776710225295,28,22,66,52,0
0.00170334949998759,0.004635007001006486,0.1994641893145594,0.44686843440363,26,22,66,47,0
0.001537196036831792,0.004451643072488776,0.18968156891548735,0.43070833630826133,28,24,69,46,0
0.0017298412474805874,0.0044548307140641515,0.21283168025703364,0.39568194064783185,28,18,65,48,0
0.0016123090211325175,0.004365143018215553,0.18979346431448477,0.3962307446127955,28,28,61,51,0
0.0015765654647645843,0.004782798133071,0.19267136827538026,0.4182009928358391,28,18,60,48,0
0.0016906875420987478,0.005160406635432856,0.18998694999444554,0.4470085907254737,30,18,50,45,0
0.0012476119334933421,0.00450069008267519,0.15575519829504442,0.38830618296193486,28,20,61,48,0
0.0012895703069838128,0.0038298417601149598,0.14855957590887908,0.35644318496322724,32,20,64,52,0
0.0012003413672833296,0.003301232916880617,0.14020158429718516,0.31996043844395633,22,24,62,51,0
0.0012361107091629004,0.003072195690445551,0.13478820381311926,0.30431948343700205,20,26,66,53,0
0.0012612638345889573,0.003297246900801405,0.13967320280403178,0.30503667853386746,20,22,63,53,0
0.0011094620994078815,0.003383720536812351,0.12742503897815463,0.2924528659898123,24,22,69,50,0
0.0012657154438878058,0.003521651053644631,0.14724818588551272,0.3011716353014799,28,18,59,54,0
0.0012594592903200589,0.003394161379196175,0.1527507414967762,0.28623713130883216,32,22,63,54,0
0.0014580210153129548,0.0034099489682027496,0.17137257491133573,0.32259375810688606,28,18,55,53,0
0.0015726253740663537,0.003829174185314088,0.17930870319284495,0.36158015379026986,32,22,59,50,0
0.0016046601448750693,0.004117849572666515,0.18670358277461738,0.38646248136094963,26,18,56,47,0
0.0016420899438999745,0.004190716914989592,0.19282571247429256,0.3965659050666286,30,22,60,42,0
0.0017003567238255343,0.00498581127089517,0.19223171248587115,0.38198035763930566,28,22,57,39,0
0.0016796503737071514,0.00551115281711495,0.2014077392602139,0.41252486181767345,32,24,58,39,0
0.0014863028897892509,0.004923640881243714,0.18013614520884563,0.3764283147785497,34,20,65,34,0
0.004333239238576462,0.004326522627688007,0.36637491741171113,0.442554028215907,20,22,47,73,1
0.004495865348135802,0.004227054024286515,0.37660369355469514,0.4208453743924184,26,20,48,64,1
0.004566435162400029,0.004532519973104321,0.3614485075286873,0.4380567106417953,16,22,47,65,1
0.0038139151340113265,0.004340445466042886,0.3507187479010436,0.4282459029498247,16,22,49,54,1
0.004325763554939539,0.004526030886107667,0.35531253428216364,0.4566753172342438,18,24,37,49,1
0.004981621840400528,0.005110082826135707,0.4275043030406846,0.5325902298406548,20,22,35,45,1
0.006161972677812636,0.005347409748947302,0.5232092788908407,0.5385159871389741,20,24,32,47,1
0.006959143306373654,0.00548398547348566,0.582399351781579,0.5499118924242512,20,22,30,46,1
0.006237255339517187,0.005073613928914528,0.5273132188396316,0.5242127897030116,18,24,37,52,1
0.005539177478319513,0.0041327933129719765,0.46367956276773353,0.4539297981591633,20,26,46,54,1
0.005154466666469064,0.0034199903872661457,0.42564500432563307,0.4158021527166251,18,30,45,60,1
0.004621525496961423,0.0032207531423296665,0.39223724735791626,0.38071087426616873,20,24,59,61,1
0.005430412171688984,0.003976726776615297,0.44642818333205314,0.3779825851384606,24,24,48,59,1
0.006371253779235051,0.003978433063846584,0.5250169672680699,0.4100084611873033,20,26,43,59,1
0.0058413084320993285,0.004501304307922647,0.49489765319644,0.4388856809023015,20,24,51,53,1
0.006433789782706354,0.004696197087235098,0.531389807714278,0.4625022619639414,20,24,43,50,1
0.006056412944926787,0.004173169865507256,0.5158844549712315,0.46255636963253904,16,26,49,60,1
0.005222425932497623,0.003960136458552426,0.4155595290047146,0.45629678848414845,18,26,55,64,1
0.00498130612674014,0.0038307899536783926,0.41014460193268115,0.4780722054673336,22,26,54,64,1
0.004651120394678937,0.003954678231621577,0.3979881344658167,0.4646748283945611,22,30,54,68,1
0.004364065870065445,0.004160950880216548,0.3643757029197458,0.5008717191246145,18,26,54,66,1
0.004396910969490212,0.004378963274356574,0.38889842112365747,0.48774254022811575,20,24,57,64,1
0.004393217306511323,0.004556434504788323,0.3818350317862774,0.4614485959618946,18,20,53,64,1
0.0043981236491238305,0.004442498466861005,0.3666311780208032,0.47725308899549473,20,20,54,58,1
0.004856294776969221,0.004383943997751148,0.40988868643819476,0.45424385746246493,18,24,48,59,1
0.005673431141160184,0.00533554317654771,0.4358332795908861,0.5136040642967856,16,18,52,51,1
0.005733091109512831,0.005144056624435286,0.4442342911304529,0.5017261551577492,16,16,46,55,1
0.006949586386552482,0.005235340579314756,0.4693695192577548,0.4974732657919144,20,18,40,53,1
0.005934259493172139,0.004106893090422538,0.44388340114343966,0.45507656653853623,14,26,44,52,1
0.005602151835373397,0.003593597578198675,0.40081185702219935,0.4116061042663742,14,26,50,67,1
0.004805857906588038,0.003556580577868178,0.38881328349256294,0.40031185826520244,14,32,55,63,1
0.005078445077587318,0.004350046165848408,0.38164984498318855,0.41654645383831296,14,22,53,57,1
0.004752447085247281,0.004897153138844382,0.40386889232513873,0.48902834862926237,18,22,48,53,1
0.005026623838230628,0.00444589108109125,0.41059886131312245,0.4689975808551894,18,24,46,51,1
0.005329702011785604,0.004467655200327992,0.432347927446459,0.48591551238512715,18,28,47,53,1
0.0048198066236779,0.004381551429760638,0.3959383933998326,0.4630760991663093,16,26,51,56,1
0.004618849556729849,0.003729847994533193,0.40284534821232065,0.40842992546566786,14,26,51,59,1
0.004487045548377766,0.004530816006138493,0.3869323511617439,0.4563650173516683,16,24,51,54,1
0.003941375541501665,0.004871254643884023,0.3515303482860405,0.4688319922882308,18,20,55,54,1
0.0045541597553118715,0.004730567776065736,0.34959878677807327,0.4462215741980711,20,22,47,55,1
0.0039005103542963525,0.0047078946274377535,0.332239127313114,0.4745433937070442,18,24,50,49,1
0.004018953505882767,0.00442612411801345,0.3217531672802221,0.45004440382178096,22,22,52,49,1
0.0039200429576396615,0.004080735300782178,0.3317773761951786,0.42306540548369637,16,22,52,51,1
0.00343007949360775,0.003700523598815034,0.3415390286450647,0.38247732838311754,16,24,52,50,1
0.003450921392388278,0.0031444155966263015,0.32350639786221524,0.32931890490768473,20,18,54,57,1
0.0035216174857510755,0.0028701907993526348,0.32887305394746413,0.28144118044965216,24,24,55,63,1
0.004005287931727231,0.0028448578008403434,0.3699127090707987,0.24877045880569298,22,20,52,60,1
0.0038598673066576584,0.0026769262054180637,0.3575481433078301,0.2590755481510743,18,22,53,64,1
0.00464049258777487,0.0028477297750190305,0.39106116550382153,0.3144926294129971,20,28,57,58,1
0.0010387831608647117,0.0007213434399074014,0.1396063203705332,0.08598601112673672,32,26,80,60,2
0.001005263266754996,0.0007881980585276259,0.1384866874114061,0.09156065920398115,38,28,78,61,2
0.001066107403111942,0.0008205401333551613,0.1484860985890828,0.10184182668887107,38,24,73,66,2
0.0009310893621865026,0.0009221463465387273,0.14442115171580724,0.10734379545022359,32,28,69,65,2
0.001058136077963693,0.0009641844823034152,0.1482783925144784,0.11124575504146307,34,28,76,69,2
0.0010752076098712047,0.0009887497391883938,0.15726826886104023,0.11500603331979123,40,24,76,71,2
0.001149251194108189,0.0009259592539162842,0.16399707502511193,0.11196041946807384,40,24,73,76,2
0.001495659397552796,0.0009938495448716291,0.20014558559626705,0.12752189877103529,30,30,66,79,2
0.0016604923304431418,0.0010842658597394498,0.22852672057391632,0.1381393500317603,30,26,65,73,2
0.00258419852427574,0.001363196950985384,0.2964609254320977,0.16342787020700683,22,32,65,76,2
0.0031657036480320215,0.0014880632868127467,0.3525393898118041,0.18694290179859024,24,32,63,77,2
0.0033064458062220608,0.0016607254500127285,0.4021637012059821,0.20247577622442142,30,32,67,76,2
0.0034612021928864,0.0014751884101896792,0.4113896170015129,0.2036502410354867,26,32,64,83,2
0.0031343766266104627,0.0014168450659029907,0.3845611116812161,0.19066259164106183,28,30,67,76,2
0.002928416821170815,0.0013980497378526919,0.3615172258075142,0.1861040575109526,28,28,70,79,2
0.0024512374034586044,0.0011914362010502133,0.31444450157632964,0.15928258339883977,38,34,74,72,2
0.002245610132682336,0.0012040973829997386,0.2807205172091621,0.15356786535455372,36,30,77,75,2
0.0018200961373063711,0.0011473814045192287,0.25106421288291414,0.14875864651794177,44,22,83,75,2
0.0015755516774840338,0.0010063208221665607,0.23998548141707524,0.1364333919492777,44,26,86,76,2
0.001573072357224586,0.0010320626053573082,0.23526216992861762,0.14543566031634675,34,36,85,87,2
0.0017933645564155644,0.001042363260394167,0.23547216769914178,0.14797318716470004,30,34,82,86,2
0.0017745062861479247,0.0010251004015877315,0.2416643446996381,0.1356771113293779,28,32,70,81,2
0.0018862465786208648,0.0010842451198005392,0.22739959385818867,0.13917252202486172,28,32,70,84,2
0.001928396877070175,0.0009290361386474616,0.21575738628486257,0.11964942192954628,26,28,69,77,2
0.0017919667479782736,0.0009386067209072927,0.20912412219177953,0.11786847317594701,28,24,72,70,2
0.0017157473009888125,0.0011461352481654961,0.20825711835922542,0.13455436739907162,20,28,77,73,2
0.0016451757120242566,0.0009287605363768882,0.1926656777413918,0.12115102626923725,26,24,77,71,2
0.0016479832361734417,0.0009225543552995577,0.1855478373390313,0.11787520230203588,22,30,77,68,2
0.001585449828702363,0.0008952849590122872,0.18066492927031927,0.1138888507324399,26,24,77,75,2
0.0017547822381023478,0.0007186258097546132,0.18056594410394997,0.0960530638945562,22,26,76,80,2
0.0018933361148979711,0.0007114708445210812,0.19764789922937426,0.10248002256469708,22,26,66,76,2
0.0019470641851727006,0.0007413694830435958,0.20933469084507156,0.11644152407883548,20,34,66,83,2
0.0019624470474135154,0.0007027596173269953,0.21278313378348487,0.11412645371923653,26,40,62,81,2
0.0016756060235490508,0.0008118047836347203,0.21539445428154214,0.12220611556670193,32,38,65,69,2
0.00145816276331089,0.000740621515493157,0.20801320834854317,0.12095056216716182,38,34,72,75,2
0.0013840862317188003,0.0008366413957291544,0.1969257381507329,0.12548060187023716,34,34,73,70,2
0.0015860253008182373,0.0009428562772802174,0.20185821610971758,0.12747026691563124,38,30,68,69,2
0.0014511357672670536,0.0008700961840760794,0.19859919092068765,0.12195776965143698,36,30,74,69,2
0.001622280921620473,0.001081529338469744,0.20442211248534023,0.12308450814949135,34,26,71,65,2
0.0017279283608822122,0.0010383403610567572,0.2081330126620159,0.11697820970837404,28,26,64,72,2
0.001731781628529991,0.0008819277482765704,0.20163661067106273,0.11036524336730875,32,26,62,74,2
0.0016342988154441354,0.0008487612387320134,0.18279993474287046,0.10295468510303031,26,28,63,85,2
0.0014410771678584956,0.0007789480448076994,0.16940800116386112,0.10754931580628184,28,30,61,79,2
0.0012600158262199561,0.0007633967929986716,0.1661701533811533,0.105188482916723,26,34,68,69,2
0.001131175334090101,0.000838442495573351,0.1654679447771941,0.10597784048066286,34,28,71,69,2
0.0012576796726234297,0.0009160490487980762,0.17955801504339497,0.11224466289599044,32,22,67,71,2
0.001145984535171065,0.0008652552763631132,0.16483466306854458,0.10334637701250378,30,20,71,71,2
0.001103187736394488,0.0008061931002923544,0.1565221873218013,0.09313650242765026,26,28,70,78,2
0.0010316282107385975,0.0008746234891180347,0.14811234854254268,0.09416907150994712,26,36,75,78,2
0.00032420604342685354,0.0036343327120728092,0.04525306282246208,0.3715985491706756,30,28,71,53,3
0.00043090514059292135,0.0035105720473183077,0.050217822528310314,0.4014107031495984,29,26,68,56,3
0.0004144996031937223,0.003989663160203099,0.052991176759299444,0.42485506781717597,26,24,70,55,3
0.00046410107270040686,0.0036237979662361412,0.055018716587911846,0.3960428319176435,28,24,70,60,3
0.0004770011096918937,0.0033690644008997684,0.05647964300667135,0.3810171111758115,24,20,69,63,3
0.00041710818674598854,0.003135044350861914,0.05521757716419662,0.34153147388405475,36,26,74,57,3
0.00042530495675894816,0.0029135827162754036,0.0595538436603724,0.3430431054750383,26,28,73,63,3
0.0004350608072029074,0.0028300554419553093,0.0648788305043264,0.38707581991697676,30,30,78,62,3
0.00046743990366354405,0.0029476453199120305,0.06806754720400914,0.4088045844525796,32,28,76,62,3
0.0005965103184080358,0.004214602339631403,0.07641703982509408,0.5152105806138154,36,26,82,71,3
0.0007229942297429489,0.004926987410662578,0.08963302057461481,0.5690432024323832,28,20,74,66,3
0.0007795512510957353,0.004984608394723698,0.09705377153362665,0.5652481682828518,32,20,71,68,3
0.0007391575849831189,0.005538436333730863,0.09543394064323527,0.5823325705797419,32,28,69,63,3
0.0007197636926371667,0.004997297516876475,0.095271452810548,0.5675990008916033,32,20,66,58,3
0.0005794938432649267,0.004835134098974248,0.08116392077672185,0.5183382693075534,32,28,66,56,3
0.0005416848181169401,0.00439285286052008,0.07314306510322154,0.48673775340635195,30,28,71,59,3
0.0005772786766704569,0.003851168931727277,0.07271347895876924,0.44220705376470926,28,26,74,66,3
0.0006095801722181969,0.003644997040579364,0.07377832520315235,0.38573350567680154,24,22,65,58,3
0.0005745118393190198,0.003747979152647565,0.07312800702983784,0.35770637743246375,24,18,71,65,3
0.0005462970458724331,0.0030957771312377564,0.07393871389228335,0.3420995658897003,28,20,68,71,3
0.0005986366356040546,0.002829054188864144,0.07934292613620958,0.3092023939355421,28,22,61,75,3
0.0005871068101030705,0.0027142754271199483,0.07938096690008782,0.2919271465724567,26,22,65,80,3
0.0006504623319556525,0.0025098547817762446,0.08154952619117782,0.2698569856581788,26,22,67,79,3
0.0005680390652007247,0.0026537752097102003,0.07957680516594366,0.3030675712061793,32,24,73,68,3
0.0005498628993427459,0.003079649162949578,0.07218738305597265,0.32158520620501685,28,18,79,59,3
0.0005090135321722921,0.002625490871049925,0.06721234425499945,0.3052906897015903,38,30,81,63,3
0.0004364826678477773,0.002441809759520305,0.05838073891845579,0.29188107062747587,33,28,80,63,3
0.0004381606624224428,0.002008236813852969,0.05141052599004703,0.25725175723662763,28,34,77,60,3
0.0004090540141346428,0.002079267769695195,0.0509830315672059,0.2451892311166469,31,32,78,67,3
0.00038102527992148823,0.00206627558976521,0.051497599801836956,0.25408668753928,32,28,80,58,3
0.00039995678901597054,0.0025649183243114534,0.05449201574413878,0.30636341585780363,32,26,77,56,3
0.0004417852906364691,0.002936371388171437,0.05727012882068885,0.33139992114369515,30,26,80,60,3
0.0004543015141175903,0.0026511558146427847,0.05949447546363353,0.33017288232682107,30,24,72,64,3
0.0004561103842782685,0.002541788624126616,0.056625832626407684,0.324414211847272,32,28,75,69,3
0.00040971877527632366,0.002388193378929248,0.05659405356866048,0.29665735647910574,32,22,76,69,3
0.0004267716866896148,0.0027119104709707404,0.056879623224748155,0.28997588730043206,32,28,79,66,3
0.000385341760358836,0.0030420220578980407,0.05259491000311561,0.29989763333291963,36,30,81,55,3
0.00043641969046773974,0.0034396323797725777,0.04864745358455624,0.35098834349578156,32,26,77,51,3
0.00038772890039686666,0.0037567197826342486,0.04795707016479581,0.3761396715128659,29,20,82,55,3
0.0003922488552232057,0.003838292508750121,0.04490651060934892,0.3864131882673268,30,22,80,47,3
0.0004601566300392298,0.0037532421704366227,0.05001687442247447,0.3865838337918825,26,22,76,43,3
0.0005025701185441878,0.0037991864441596183,0.05192271507477355,0.33932525370274996,20,22,75,47,3
0.0004954692488405459,0.0033283430267604815,0.05395434223396091,0.31106454321537413,20,22,77,47,3
0.00048085146923716705,0.0035128047708890085,0.053771966221920826,0.30249400276247335,22,22,77,51,3
0.0004562381281904892,0.0032423625973145615,0.052098404587423194,0.3112756710356395,22,22,74,52,3
0.0004946861811616728,0.0035565179948884944,0.05410251926247704,0.33966336757540744,22,18,75,54,3
0.0004664203185484998,0.0035485120799971996,0.050928110688544775,0.32477772041830894,22,18,72,56,3
0.00047128619172286725,0.0032292975003607193,0.053959579207115825,0.3133797064680876,28,22,66,55,3
0.00043042282059319254,0.003317154697294301,0.051533927777360884,0.3050881025808718,24,18,69,56,3
0.00025998341923058263,0.0005504230599592607,0.018180808122778207,0.045549470914291304,18,18,45,75,4
0.0002602894242577106,0.00043869295164892423,0.01634253982673635,0.04046901589975679,18,23,41,72,4
0.00026241999410516094,0.0003602096503595385,0.015374093036127683,0.03976910433220336,18,20,37,82,4
0.00025991692010824443,0.00037834019870939053,0.015303951634978453,0.045285464000273175,20,29,40,79,4
0.0002597077470335676,0.00041017419382153106,0.016041782166244294,0.04564890783114146,16,24,42,66,4
0.0002615935602665069,0.0004534150421088562,0.015438751812429864,0.045296217735114525,16,25,44,66,4
0.00026562313447371275,0.0004587816117161112,0.01638311683573564,0.045241984266217505,16,18,41,66,4
0.0002744421200412312,0.0004028823867501301,0.015619542005322304,0.04293544073558371,16,19,41,69,4
0.0002724449445732359,0.00041742580320732706,0.015287016932586939,0.03992891852531243,18,12,42,84,4
0.000271955963836457,0.00034768367190559106,0.015022923773584317,0.03624828010654766,18,25,38,82,4
0.0002601632154995762,0.00030123411891804587,0.01476289549463884,0.03338371760348982,18,24,38,84,4
0.000236034853537355,0.00028135350726771506,0.014393346666086007,0.029281346960109644,18,26,35,79,4
0.00022467702091459097,0.0003089830725301783,0.013944024356586936,0.03493245445360457,16,30,45,84,4
0.00018776654298293692,0.000401054465335513,0.013317942560943062,0.03848464280292306,14,27,57,73,4
0.0001836034831018944,0.0004143764752608235,0.013222653791847118,0.04530402915450315,24,28,60,72,4
0.00017547993978493434,0.00044618476324755074,0.01319769380522431,0.0524072736842736,22,36,60,73,4
0.00018770201544950679,0.00048080080667018614,0.013332332030009523,0.05508523603450298,26,26,59,65,4
0.00018212690824948193,0.000467437652652594,0.012445452137052561,0.05268749793793798,22,24,61,61,4
0.0003807552623752549,0.0008070755703834004,0.02513159535235569,0.06750058755301944,16,18,25,54,4
0.0005027361001252221,0.0008889773486166013,0.03220045323964984,0.07261976367894449,14,14,29,51,4
0.00044047390604763924,0.0008111720531758005,0.028319641991311626,0.0683253463307867,16,18,39,58,4
0.00036293369396690663,0.0005961425738691526,0.02137048791902533,0.06512759212115063,12,20,40,64,4
0.00034160514913285063,0.000530696090783905,0.020027870333944004,0.05614822878843665,15,26,36,70,4
0.00020986869621385338,0.00034468761936993207,0.014565095103834672,0.042060383729017624,18,24,40,73,4
0.0002105728931531781,0.00033701146876244717,0.014480149483135883,0.04074933626807129,20,30,38,85,4
0.00020819467217143898,0.00033581346924354687,0.014385933059546153,0.0359398953052603,16,24,36,76,4
0.0002137205729013532,0.00040793059650478625,0.014793936747719451,0.03701261208986882,20,22,36,78,4
0.00021165306245165833,0.00044251227038906904,0.01496874270951959,0.03820949353525039,20,22,38,76,4
0.00021314815461067927,0.00042237243656398875,0.015125197535410181,0.03856836359712474,20,20,38,67,4
0.00021992853476348736,0.0005323640479347591,0.016153340319322352,0.05243438753804452,20,22,41,62,4
0.00021251823453169292,0.0004639205684498849,0.015501321181012129,0.05105996454052563,20,18,42,67,4
0.00020982631330110195,0.0004802716300766001,0.015940044772522415,0.05921955665697905,24,20,44,62,4
0.00020644622658649931,0.0005487786020729404,0.015800473202678897,0.06384752105852115,20,24,48,76,4
0.00020097471943920445,0.0004438837216354959,0.01524417336609507,0.05465620444966586,22,28,48,72,4
0.0002023221178997966,0.00046618993323980666,0.015251223741360892,0.05896206035871205,18,32,42,67,4
0.00020077731424820829,0.0004191092645595321,0.014818498847194073,0.05511964342647937,18,32,38,71,4
0.00019034273804904324,0.0003966529274377475,0.014311035423538785,0.051979097534444796,16,28,50,65,4
0.00017415183769158439,0.00040171113511750336,0.013757064426639952,0.05259033418292871,18,24,52,70,4
0.000164013775230051,0.0003660370759891783,0.013556945091981434,0.05110642157995723,24,22,54,76,4
0.00014925789234377323,0.0003525953918211692,0.013075010034012163,0.047542053916730956,21,26,54,75,4
0.0001495140043595567,0.0003775412028734148,0.01258699303219163,0.046002799085414,22,30,55,76,4
0.0001397878665283356,0.0004111616325860457,0.012387771377940993,0.04565620982700205,25,24,62,77,4
0.00013623048290628843,0.0004229724744450972,0.011586996689133402,0.046664927105900936,20,16,60,75,4
0.00012382134743890803,0.0005878580371282337,0.010504096020461793,0.05539354280494168,29,18,58,63,4
0.00012510795631247965,0.0009716534127515031,0.010352633843106432,0.07524270270716178,22,18,54,51,4
0.0001396011571397604,0.001151522348231785,0.010119721024912626,0.08579494339793052,19,18,47,43,4
0.0001415999518768126,0.0011001018994851413,0.010540073939251125,0.08421225527605056,16,20,50,47,4
0.00013724612112834463,0.000997894862979261,0.010302435609707361,0.07669367520225087,27,20,50,60,4
0.0001362596793683882,0.0009894484538260162,0.010121958397000398,0.07672232768236627,20,27,50,52,4
0.0015336547971477497,0.0036693844273781363,0.18740685671612944,0.3170047475981991,30,16,55,44,0
0.0015448504640546343,0.0037257530182964334,0.1906243997104349,0.31371614151168425,32,18,59,41,0
0.0016331252616890958,0.004473135387226334,0.18973210817285127,0.3144911931924388,32,16,63,41,0
0.0015402599160424506,0.00537965663781539,0.19055252761912456,0.35772808744204776,36,18,61,41,0
0.00139490578420617,0.005865983098209392,0.17687562986560543,0.3915990148807056,32,14,74,39,0
0.001303482255971111,0.005327277007943027,0.1785085798609108,0.39622713728406367,36,16,72,37,0
0.0012758181828586238,0.004692668270411873,0.16939521858725073,0.3638856979887145,36,18,72,43,0
0.0013199582407566093,0.0034276501747327877,0.16304400853287074,0.333681540353876,28,20,70,51,0
0.0012127202352329217,0.0032845600479377156,0.14740639847520412,0.31854032981419395,34,28,68,50,0
0.0012209072553619022,0.003172591148379644,0.14444570984534422,0.3022966905194461,28,28,69,52,0
0.0010806805677732038,0.0033708053708241554,0.1334375663114328,0.2944684988150915,30,24,69,53,0
0.001046103620940321,0.002995542167746114,0.11942163839049535,0.26924581269447434,28,24,72,49,0
0.0011083982860449865,0.003060379933485105,0.12837487857324295,0.2615392850840978,30,20,69,47,0
0.0010629333341321291,0.0035871645812582758,0.11992615195921036,0.2902643702657319,36,14,66,46,0
0.0011018727391073036,0.005055494392407728,0.13058993809937147,0.3313104792027277,40,12,66,41,0
0.0012208402792323195,0.005093686002898302,0.13892489807374434,0.34982736340383386,28,14,67,42,0
0.0011755834606944412,0.005462523830967146,0.14419469215746253,0.38461528613641427,24,18,68,32,0
0.0012334663363452111,0.0050374341730884085,0.15603598655707884,0.35340618157499354,28,18,66,37,0
0.0013215448818461504,0.0035425808817308763,0.16261491330580338,0.30217226064628494,28,22,61,42,0
0.0013090133627711956,0.0037424911204997557,0.16317359788095379,0.28935459169952854,30,16,62,39,0
0.0012971290834463292,0.0035456743715602747,0.16538006658132706,0.28733864606001824,38,18,62,55,0
0.0013293014842530842,0.0034395117860934023,0.16577531343601729,0.27684248382065624,30,16,62,51,0
0.0013995069897511456,0.003223227025787366,0.17060973196231594,0.2609086061710863,28,16,59,50,0
0.0014896795795778693,0.0027883039626209727,0.17812474918372068,0.2579972204738197,34,18,58,55,0
0.00389846453100262,0.005265144357896454,0.40189124587238595,0.48844373132495095,28,22,54,55,1
0.004348089234089637,0.005709911201279833,0.41190296440431007,0.49846644112318167,22,22,47,56,1
0.0036954720615048264,0.0049243518006027625,0.37557591494641773,0.47920541183313436,24,20,50,53,1
0.003965289305350657,0.0049742148571920546,0.40993533503738333,0.4359888052193457,24,18,47,52,1
0.004184132199061616,0.005251461585669804,0.4425911771115339,0.4723290725715925,26,20,46,44,1
0.003934344309583357,0.00559671616982357,0.41534218641799464,0.5151572716465679,22,20,52,42,1
0.0041008565322025094,0.005526922292987775,0.4016919748646414,0.5262314140872519,26,30,47,39,1
0.0038030560894296806,0.00469427676543532,0.3748919273589746,0.47740119079661947,22,28,51,44,1
0.0031798116887078263,0.0047109772995234216,0.3339352678728839,0.45039368782256156,28,24,57,47,1
0.003216765603237784,0.004528379480987473,0.3234374487636537,0.4316144461229056,22,22,53,56,1
0.0033406857720331305,0.004589181742474507,0.3284990961853297,0.4228182720018168,24,22,59,52,1
0.003023692691213301,0.004672840388805224,0.31231637796692596,0.4587650344356152,20,20,59,52,1
0.002795019569695705,0.0045228995958176785,0.30329049583356976,0.4544715655482983,20,24,57,65,1
0.002527880749539148,0.00488015023059334,0.289192809666472,0.4958171285568872,24,22,59,57,1
0.002548714280651407,0.004907305088228956,0.2826159951148109,0.5178293965302648,18,28,59,57,1
0.003090417171720788,0.0054578717437207035,0.32318015268410294,0.5203443811401504,22,24,52,55,1
0.003175486648104546,0.006278123478023083,0.322705169810939,0.5686033829956759,22,24,55,49,1
0.003143785025923091,0.006501090622458678,0.3211800192927296,0.546525062805694,22,20,52,48,1
0.003865080685008841,0.0074585679855093045,0.36047569558533704,0.5393181974795579,16,20,50,52,1
0.003334437718630486,0.008253022107072423,0.3401415813286264,0.6306700342369329,20,16,46,46,1
0.0033034115806663896,0.008012271191941863,0.3198052782154426,0.5753340499163562,20,16,49,57,1
0.003182081099915987,0.006899492920165459,0.3065686386027607,0.5595539430680252,18,18,53,59,1
0.0031865541176745848,0.005245668563207481,0.28865592626590914,0.5173660308321311,18,20,50,63,1
0.0036240097126862612,0.0046249707896958,0.2909730882859072,0.4408596924743541,16,18,59,64,1
0.0018721818868525125,0.001183429516806709,0.2176753996166805,0.14367820794109767,30,24,69,75,2
0.0017081338877375446,0.0009639717123858713,0.22015946345452145,0.12443816658276825,34,28,70,78,2
0.0017476418961890421,0.0010104896552661153,0.21928700822410074,0.11791499292479107,30,24,68,73,2
0.0016201015999349326,0.0009831634735936855,0.20537770397372176,0.11639672208272085,30,24,76,64,2
0.0013433386604543723,0.00099272466097786,0.16796812170335748,0.11108956909728072,30,24,75,56,2
0.0013940575696021985,0.0009641753680754149,0.1543267220308067,0.10913351432692318,26,22,75,56,2
0.0013198914660344273,0.0009016863949950633,0.1382442408048379,0.10492299691253684,28,22,77,61,2
0.0012242963414817655,0.0008818514073345898,0.13065866422386532,0.1114588375257725,28,28,77,63,2
0.0013319496601440753,0.0008715345157545855,0.15205280405979893,0.11646183152535447,26,26,72,70,2
0.0011551528702136672,0.0008795739680404766,0.14646207158648336,0.12331862392864378,24,30,71,70,2
0.0012173006750195118,0.0008818196760298978,0.15046629663996963,0.11826971601277317,24,26,66,72,2
0.0013243596707848857,0.0008119494874657738,0.1551828752267517,0.10534318512371216,22,20,70,70,2
0.0011644520667562076,0.0007730307821850714,0.1377714142958335,0.09698396830295217,22,22,75,75,2
0.0011602880672335952,0.0008566323947180592,0.13763864995571792,0.09519805324770549,24,34,82,68,2
0.0012132269711471414,0.000838177473774549,0.12949938661211274,0.10001435832753357,24,26,79,72,2
0.0011756641609288149,0.0008608202961811018,0.13814902166330098,0.10271284023533489,26,26,80,72,2
0.0012639027899436703,0.0008919249497937895,0.13960355932715468,0.10163086485545268,26,24,74,65,2
0.001264414051906731,0.0008315937802054877,0.15065758584975336,0.09852998792615153,32,28,73,72,2
0.0012284292816217522,0.0006983415080765308,0.154914038597293,0.08640546201779341,30,34,79,72,2
0.0011296886372437432,0.0007118956537280756,0.1435651226044564,0.08537355002882856,30,30,80,73,2
0.0010017716654546675,0.0006604848579066867,0.138501638594556,0.0861422468670519,28,28,85,71,2
0.0008315314811699566,0.0006831003714502555,0.1263258442694504,0.08256142723348699,34,30,80,74,2
0.0008465737285601892,0.000800779176730999,0.1271195782811848,0.09139581061367595,32,26,77,70,2
0.0010230892907004405,0.0007566687305957289,0.13418428581573577,0.08996538230903879,30,26,75,68,2
0.000518199975870365,0.005311494986297527,0.0716523679936995,0.4646291839051489,32,18,72,68,3
0.0004512509892322287,0.003816093910077919,0.06661799507693919,0.4033714386248248,30,20,79,69,3
0.00046454950034573324,0.003622712483486661,0.06910281794381598,0.405113421653087,30,24,73,69,3
0.00044999454783755164,0.002832389009529465,0.06945099256804627,0.3557483240730995,26,28,73,68,3
0.0005040236114842796,0.003014360427505788,0.07102603250707279,0.37466199104633735,32,26,73,69,3
0.0005724908628093516,0.003212719093820896,0.08087369365706772,0.4213164290831221,32,26,68,74,3
0.0005472337515640385,0.003555840263887298,0.07579761141103872,0.3998644747874338,32,30,69,71,3
0.0005638024338810703,0.003476949719388012,0.0752664636689198,0.3872388823106047,32,24,71,70,3
0.0004728830978048479,0.0037175570120212215,0.06622936742508202,0.40792519336409133,36,28,73,58,3
0.0003955941382050701,0.003573304032987602,0.060830052662224125,0.36612476424070745,36,24,74,60,3
0.0003937978262262798,0.0034612494063306905,0.06006509597147776,0.383618670545078,38,26,76,59,3
0.00040032972428969576,0.0035692716385448174,0.06012131727481468,0.4062355929880842,30,26,80,64,3
0.0004803191758924758,0.0037071796379806203,0.06624726260813171,0.3944562865680708,34,24,79,63,3
0.00048254073618379724,0.0033720358291420478,0.06290152768273176,0.3792736702574079,26,28,71,62,3
0.0004840161632618783,0.0032728781534308578,0.0633815337282808,0.3667834575788184,28,28,74,65,3
0.00047503466725160796,0.003251040469730525,0.06328832955765569,0.3635362231521691,30,32,81,63,3
0.00044161464769958706,0.0029400265195689006,0.06005668668041143,0.36138053355065836,36,30,82,66,3
0.00045929807289086686,0.0031912569978973866,0.06788484208939137,0.37166433649340674,34,28,79,65,3
0.0004400808606172292,0.003300783523028666,0.06733428059267606,0.3911608920618486,30,28,82,60,3
0.0004003265206366032,0.003898817511993806,0.06221172937694551,0.3979363352864315,32,26,76,59,3
0.00040740825372470444,0.004104895415214062,0.05577726512362802,0.38255511935328007,38,18,78,55,3
0.00032802528601395673,0.003915767084639815,0.04668830723984434,0.3727675636849325,28,16,83,48,3
0.0003466796326189753,0.003869722132834716,0.044045062122701206,0.3558493308999608,30,18,74,50,3
0.00036060012282048586,0.0036591808263133135,0.04204489732191435,0.3699477452865043,26,24,72,50,3
0.00019069682774716884,0.00037841527527916486,0.012290751421349987,0.04021542004654411,16,16,54,77,4
0.0001909860683624478,0.00037750978795937987,0.012924257870653079,0.04424824828982969,18,23,43,82,4
0.00019637908104588043,0.0004422802411884408,0.012678611788749834,0.05128505551729333,20,16,39,68,4
0.0001972855707673406,0.0004653050613071309,0.012739286239994376,0.052817809330782395,18,22,43,65,4
0.0001961780218488306,0.0005127108568603724,0.012773546943530964,0.056693001373804626,26,22,44,56,4
0.00019549490855662614,0.000531368581922248,0.012364817847432081,0.05465630519855682,22,16,50,50,4
0.00019788142222658305,0.00043230876171595356,0.01269520726965687,0.04759373699184367,26,22,52,62,4
0.00019046976273792522,0.0004682592919321034,0.012361356153964997,0.05154279776136175,18,24,46,70,4
0.000191794854621944,0.0003681893239859032,0.012791907616869857,0.04611549273815584,28,24,51,75,4
0.0001979507851008865,0.0003975803993857632,0.013242534179039233,0.05075484093384604,22,24,53,72,4
0.0005801941496294507,0.0005076772536247403,0.03611654677958126,0.056279668169570855,4,24,77,71,4
0.0007264178655218488,0.0004970364045409442,0.04271709148494868,0.05312526417410618,6,20,47,66,4
0.0011929630912294012,0.001190032558378568,0.06458261512801934,0.10991483414558756,8,16,36,59,4
0.0012028058820624965,0.0020288146561609375,0.07006990542636801,0.15645543908078477,8,14,39,48,4
0.0009281193857473998,0.0034066196256792047,0.05485977395230719,0.20872262929967034,10,14,45,45,4
0.0007066010648478072,0.003580070560798495,0.04756257103731408,0.21714833689220267,15,14,49,43,4
0.0005526590840581346,0.004708165851996298,0.04192312625446212,0.25204289086426857,18,14,54,28,4
0.0005176774106424751,0.004267939696319412,0.0375413479729466,0.22989741893705132,17,12,44,30,4
0.0003848696739439291,0.003256202902348926,0.0290727941662883,0.19194703712401553,14,10,43,37,4
0.00031829329041533765,0.0029833269325386974,0.023343227758833584,0.1737108736625283,21,12,37,35,4
0.0002921317287628568,0.001703244554599613,0.02033379055281178,0.10450584164572867,18,10,43,45,4
0.0002633047479064389,0.0014138326720757135,0.02074196361330118,0.08905092164215776,21,14,48,43,4
0.0002974869021409271,0.0008554228565477697,0.02147460789052197,0.05781584813584269,14,18,53,55,4
0.0002748585129639634,0.0007389565891456691,0.019815327744486314,0.05453050671615163,13,16,48,64,4
